{
  "timestamp": "2026-06-29 22:44:45",
  "model_config": "configs/relation_detr/relation_detr_resnet50_800_1333.py",
  "input_shape": [
    800,
    1333
  ],
  "parameters": {
    "total_M": 52.63908,
    "trainable_M": 52.41668
  },
  "flops": {
    "total_GFLOPs": 305.851961781,
    "backbone_GFLOPs": 352.9752576,
    "encoder_GFLOPs": 768.885551112,
    "decoder_GFLOPs": 104.35728384
  },
  "inference": {
    "success": true,
    "input_shape": [
      800,
      1333
    ],
    "latency_ms_mean": 185.48572235107423,
    "latency_ms_std": 2.330175892902854,
    "latency_ms_median": 184.70604705810547,
    "latency_ms_min": 182.88128662109375,
    "latency_ms_max": 189.56903076171875,
    "fps": 5.3912505357542875,
    "gpu_memory_peak_GB": 0.8832278251647949
  }
}